product_name,slug,currency,retail_amount,stripe_unit_amount
"Knightsbridge Abaya Jacket",knightsbridge-abaya-jacket,AED,3299,329900
"Knightsbridge Abaya Jacket",knightsbridge-abaya-jacket,SAR,3395,339500
"Knightsbridge Abaya Jacket",knightsbridge-abaya-jacket,QAR,3299,329900
"Knightsbridge Abaya Jacket",knightsbridge-abaya-jacket,OMR,349,349000
"Knightsbridge Abaya Jacket",knightsbridge-abaya-jacket,BHD,339,339000
"Knightsbridge Abaya Jacket",knightsbridge-abaya-jacket,KWD,279,279000
"Knightsbridge Abaya Jacket",knightsbridge-abaya-jacket,GBP,675,67500
"Knightsbridge Abaya Jacket",knightsbridge-abaya-jacket,EUR,795,79500
"Knightsbridge Abaya Jacket",knightsbridge-abaya-jacket,USD,949,94900
"Knightsbridge Abaya Jacket",knightsbridge-abaya-jacket,CHF,749,74900
"Knightsbridge Abaya Jacket",knightsbridge-abaya-jacket,RUB,69900,6990000
"Knightsbridge Abaya Jacket",knightsbridge-abaya-jacket,CNY,6398,639800
"Knightsbridge Abaya Jacket",knightsbridge-abaya-jacket,CAD,1295,129500
"Knightsbridge Abaya Jacket",knightsbridge-abaya-jacket,SGD,1195,119500
"Knightsbridge Abaya Jacket",knightsbridge-abaya-jacket,BND,1195,119500
"Knightsbridge Abaya Jacket",knightsbridge-abaya-jacket,MYR,3795,379500
"Knightsbridge Abaya Jacket",knightsbridge-abaya-jacket,MAD,8290,829000
"Knightsbridge Abaya Jacket",knightsbridge-abaya-jacket,NGN,1249000,50000000
"Knightsbridge Abaya Jacket",knightsbridge-abaya-jacket,IDR,16195000,50000000
"Knightsbridge Abaya Jacket",knightsbridge-abaya-jacket,KZT,439000,43900000
"Knightsbridge Abaya Jacket",knightsbridge-abaya-jacket,AZN,1549,154900
"Knightsbridge Abaya Jacket",knightsbridge-abaya-jacket,UZS,10750000,50000000
"Knightsbridge Abaya Jacket",knightsbridge-abaya-jacket,HKD,7198,719800
"Covent Garden Abaya",covent-garden-abaya,AED,2799,279900
"Covent Garden Abaya",covent-garden-abaya,SAR,2895,289500
"Covent Garden Abaya",covent-garden-abaya,QAR,2799,279900
"Covent Garden Abaya",covent-garden-abaya,OMR,299,299000
"Covent Garden Abaya",covent-garden-abaya,BHD,289,289000
"Covent Garden Abaya",covent-garden-abaya,KWD,239,239000
"Covent Garden Abaya",covent-garden-abaya,GBP,575,57500
"Covent Garden Abaya",covent-garden-abaya,EUR,695,69500
"Covent Garden Abaya",covent-garden-abaya,USD,799,79900
"Covent Garden Abaya",covent-garden-abaya,CHF,639,63900
"Covent Garden Abaya",covent-garden-abaya,RUB,59900,5990000
"Covent Garden Abaya",covent-garden-abaya,CNY,5398,539800
"Covent Garden Abaya",covent-garden-abaya,CAD,1095,109500
"Covent Garden Abaya",covent-garden-abaya,SGD,999,99900
"Covent Garden Abaya",covent-garden-abaya,BND,999,99900
"Covent Garden Abaya",covent-garden-abaya,MYR,3195,319500
"Covent Garden Abaya",covent-garden-abaya,MAD,7290,729000
"Covent Garden Abaya",covent-garden-abaya,NGN,1059000,50000000
"Covent Garden Abaya",covent-garden-abaya,IDR,13795000,50000000
"Covent Garden Abaya",covent-garden-abaya,KZT,369000,36900000
"Covent Garden Abaya",covent-garden-abaya,AZN,1319,131900
"Covent Garden Abaya",covent-garden-abaya,UZS,9145000,50000000
"Covent Garden Abaya",covent-garden-abaya,HKD,6098,609800
"Kensington Abaya",kensington-abaya,AED,2899,289900
"Kensington Abaya",kensington-abaya,SAR,2995,299500
"Kensington Abaya",kensington-abaya,QAR,2899,289900
"Kensington Abaya",kensington-abaya,OMR,309,309000
"Kensington Abaya",kensington-abaya,BHD,299,299000
"Kensington Abaya",kensington-abaya,KWD,249,249000
"Kensington Abaya",kensington-abaya,GBP,599,59900
"Kensington Abaya",kensington-abaya,EUR,719,71900
"Kensington Abaya",kensington-abaya,USD,829,82900
"Kensington Abaya",kensington-abaya,CHF,659,65900
"Kensington Abaya",kensington-abaya,RUB,61900,6190000
"Kensington Abaya",kensington-abaya,CNY,5598,559800
"Kensington Abaya",kensington-abaya,CAD,1145,114500
"Kensington Abaya",kensington-abaya,SGD,1045,104500
"Kensington Abaya",kensington-abaya,BND,1045,104500
"Kensington Abaya",kensington-abaya,MYR,3295,329500
"Kensington Abaya",kensington-abaya,MAD,7490,749000
"Kensington Abaya",kensington-abaya,NGN,1099000,50000000
"Kensington Abaya",kensington-abaya,IDR,14300000,50000000
"Kensington Abaya",kensington-abaya,KZT,379000,37900000
"Kensington Abaya",kensington-abaya,AZN,1369,136900
"Kensington Abaya",kensington-abaya,UZS,9495000,50000000
"Kensington Abaya",kensington-abaya,HKD,6298,629800
"Marylebone Abaya",marylebone-abaya,AED,2499,249900
"Marylebone Abaya",marylebone-abaya,SAR,2595,259500
"Marylebone Abaya",marylebone-abaya,QAR,2499,249900
"Marylebone Abaya",marylebone-abaya,OMR,269,269000
"Marylebone Abaya",marylebone-abaya,BHD,259,259000
"Marylebone Abaya",marylebone-abaya,KWD,219,219000
"Marylebone Abaya",marylebone-abaya,GBP,525,52500
"Marylebone Abaya",marylebone-abaya,EUR,619,61900
"Marylebone Abaya",marylebone-abaya,USD,729,72900
"Marylebone Abaya",marylebone-abaya,CHF,559,55900
"Marylebone Abaya",marylebone-abaya,RUB,52900,5290000
"Marylebone Abaya",marylebone-abaya,CNY,4898,489800
"Marylebone Abaya",marylebone-abaya,CAD,995,99500
"Marylebone Abaya",marylebone-abaya,SGD,899,89900
"Marylebone Abaya",marylebone-abaya,BND,899,89900
"Marylebone Abaya",marylebone-abaya,MYR,2845,284500
"Marylebone Abaya",marylebone-abaya,MAD,6490,649000
"Marylebone Abaya",marylebone-abaya,NGN,949000,50000000
"Marylebone Abaya",marylebone-abaya,IDR,12350000,50000000
"Marylebone Abaya",marylebone-abaya,KZT,329000,32900000
"Marylebone Abaya",marylebone-abaya,AZN,1179,117900
"Marylebone Abaya",marylebone-abaya,UZS,8950000,50000000
"Marylebone Abaya",marylebone-abaya,HKD,5398,539800
"Belgravia Abaya",belgravia-abaya,AED,3199,319900
"Belgravia Abaya",belgravia-abaya,SAR,3295,329500
"Belgravia Abaya",belgravia-abaya,QAR,3199,319900
"Belgravia Abaya",belgravia-abaya,OMR,339,339000
"Belgravia Abaya",belgravia-abaya,BHD,329,329000
"Belgravia Abaya",belgravia-abaya,KWD,279,279000
"Belgravia Abaya",belgravia-abaya,GBP,649,64900
"Belgravia Abaya",belgravia-abaya,EUR,779,77900
"Belgravia Abaya",belgravia-abaya,USD,919,91900
"Belgravia Abaya",belgravia-abaya,CHF,719,71900
"Belgravia Abaya",belgravia-abaya,RUB,67900,6790000
"Belgravia Abaya",belgravia-abaya,CNY,6198,619800
"Belgravia Abaya",belgravia-abaya,CAD,1295,129500
"Belgravia Abaya",belgravia-abaya,SGD,1145,114500
"Belgravia Abaya",belgravia-abaya,BND,1145,114500
"Belgravia Abaya",belgravia-abaya,MYR,3695,369500
"Belgravia Abaya",belgravia-abaya,MAD,8290,829000
"Belgravia Abaya",belgravia-abaya,NGN,1219000,50000000
"Belgravia Abaya",belgravia-abaya,IDR,15790000,50000000
"Belgravia Abaya",belgravia-abaya,KZT,419000,41900000
"Belgravia Abaya",belgravia-abaya,AZN,1499,149900
"Belgravia Abaya",belgravia-abaya,UZS,8195000,50000000
"Belgravia Abaya",belgravia-abaya,HKD,6898,689800
"Park Lane Abaya",park-lane-abaya,AED,2199,219900
"Park Lane Abaya",park-lane-abaya,SAR,2295,229500
"Park Lane Abaya",park-lane-abaya,QAR,2199,219900
"Park Lane Abaya",park-lane-abaya,OMR,239,239000
"Park Lane Abaya",park-lane-abaya,BHD,229,229000
"Park Lane Abaya",park-lane-abaya,KWD,189,189000
"Park Lane Abaya",park-lane-abaya,GBP,449,44900
"Park Lane Abaya",park-lane-abaya,EUR,549,54900
"Park Lane Abaya",park-lane-abaya,USD,649,64900
"Park Lane Abaya",park-lane-abaya,CHF,499,49900
"Park Lane Abaya",park-lane-abaya,RUB,46900,4690000
"Park Lane Abaya",park-lane-abaya,CNY,4298,429800
"Park Lane Abaya",park-lane-abaya,CAD,899,89900
"Park Lane Abaya",park-lane-abaya,SGD,799,79900
"Park Lane Abaya",park-lane-abaya,BND,799,79900
"Park Lane Abaya",park-lane-abaya,MYR,2495,249500
"Park Lane Abaya",park-lane-abaya,MAD,5690,569000
"Park Lane Abaya",park-lane-abaya,NGN,829000,50000000
"Park Lane Abaya",park-lane-abaya,IDR,10895000,50000000
"Park Lane Abaya",park-lane-abaya,KZT,289000,28900000
"Park Lane Abaya",park-lane-abaya,AZN,1029,102900
"Park Lane Abaya",park-lane-abaya,UZS,7195000,50000000
"Park Lane Abaya",park-lane-abaya,HKD,4798,479800
"Hyde Park Set",hyde-park-set,AED,1399,139900
"Hyde Park Set",hyde-park-set,SAR,1495,149500
"Hyde Park Set",hyde-park-set,QAR,1399,139900
"Hyde Park Set",hyde-park-set,OMR,149,149000
"Hyde Park Set",hyde-park-set,BHD,149,149000
"Hyde Park Set",hyde-park-set,KWD,119,119000
"Hyde Park Set",hyde-park-set,GBP,285,28500
"Hyde Park Set",hyde-park-set,EUR,349,34900
"Hyde Park Set",hyde-park-set,USD,419,41900
"Hyde Park Set",hyde-park-set,CHF,339,33900
"Hyde Park Set",hyde-park-set,RUB,29900,2990000
"Hyde Park Set",hyde-park-set,CNY,2698,269800
"Hyde Park Set",hyde-park-set,CAD,549,54900
"Hyde Park Set",hyde-park-set,SGD,499,49900
"Hyde Park Set",hyde-park-set,BND,499,49900
"Hyde Park Set",hyde-park-set,MYR,1595,159500
"Hyde Park Set",hyde-park-set,MAD,3690,369000
"Hyde Park Set",hyde-park-set,NGN,529000,50000000
"Hyde Park Set",hyde-park-set,IDR,6895000,50000000
"Hyde Park Set",hyde-park-set,KZT,185000,18500000
"Hyde Park Set",hyde-park-set,AZN,659,65900
"Hyde Park Set",hyde-park-set,UZS,4595000,50000000
"Hyde Park Set",hyde-park-set,HKD,3098,309800
"Mayfair Kaftan",mayfair-kaftan,AED,975,97500
"Mayfair Kaftan",mayfair-kaftan,SAR,1045,104500
"Mayfair Kaftan",mayfair-kaftan,QAR,975,97500
"Mayfair Kaftan",mayfair-kaftan,OMR,109,109000
"Mayfair Kaftan",mayfair-kaftan,BHD,99,99000
"Mayfair Kaftan",mayfair-kaftan,KWD,89,89000
"Mayfair Kaftan",mayfair-kaftan,GBP,199,19900
"Mayfair Kaftan",mayfair-kaftan,EUR,249,24900
"Mayfair Kaftan",mayfair-kaftan,USD,299,29900
"Mayfair Kaftan",mayfair-kaftan,CHF,239,23900
"Mayfair Kaftan",mayfair-kaftan,RUB,20900,2090000
"Mayfair Kaftan",mayfair-kaftan,CNY,1998,199800
"Mayfair Kaftan",mayfair-kaftan,CAD,399,39900
"Mayfair Kaftan",mayfair-kaftan,SGD,349,34900
"Mayfair Kaftan",mayfair-kaftan,BND,349,34900
"Mayfair Kaftan",mayfair-kaftan,MYR,1145,114500
"Mayfair Kaftan",mayfair-kaftan,MAD,2595,259500
"Mayfair Kaftan",mayfair-kaftan,NGN,379000,37900000
"Mayfair Kaftan",mayfair-kaftan,IDR,4950000,50000000
"Mayfair Kaftan",mayfair-kaftan,KZT,129000,12900000
"Mayfair Kaftan",mayfair-kaftan,AZN,469,46900
"Mayfair Kaftan",mayfair-kaftan,UZS,3295000,50000000
"Mayfair Kaftan",mayfair-kaftan,HKD,2198,219800
"Nothing Hill Kaftan",nothing-hill-kaftan,AED,975,97500
"Nothing Hill Kaftan",nothing-hill-kaftan,SAR,1045,104500
"Nothing Hill Kaftan",nothing-hill-kaftan,QAR,975,97500
"Nothing Hill Kaftan",nothing-hill-kaftan,OMR,109,109000
"Nothing Hill Kaftan",nothing-hill-kaftan,BHD,99,99000
"Nothing Hill Kaftan",nothing-hill-kaftan,KWD,89,89000
"Nothing Hill Kaftan",nothing-hill-kaftan,GBP,199,19900
"Nothing Hill Kaftan",nothing-hill-kaftan,EUR,249,24900
"Nothing Hill Kaftan",nothing-hill-kaftan,USD,299,29900
"Nothing Hill Kaftan",nothing-hill-kaftan,CHF,239,23900
"Nothing Hill Kaftan",nothing-hill-kaftan,RUB,20900,2090000
"Nothing Hill Kaftan",nothing-hill-kaftan,CNY,1998,199800
"Nothing Hill Kaftan",nothing-hill-kaftan,CAD,399,39900
"Nothing Hill Kaftan",nothing-hill-kaftan,SGD,349,34900
"Nothing Hill Kaftan",nothing-hill-kaftan,BND,349,34900
"Nothing Hill Kaftan",nothing-hill-kaftan,MYR,1145,114500
"Nothing Hill Kaftan",nothing-hill-kaftan,MAD,2595,259500
"Nothing Hill Kaftan",nothing-hill-kaftan,NGN,379000,37900000
"Nothing Hill Kaftan",nothing-hill-kaftan,IDR,4950000,50000000
"Nothing Hill Kaftan",nothing-hill-kaftan,KZT,129000,12900000
"Nothing Hill Kaftan",nothing-hill-kaftan,AZN,469,46900
"Nothing Hill Kaftan",nothing-hill-kaftan,UZS,3295000,50000000
"Nothing Hill Kaftan",nothing-hill-kaftan,HKD,2198,219800
"Knightsbridge Dress",knightsbridge-dress,AED,2199,219900
"Knightsbridge Dress",knightsbridge-dress,SAR,2295,229500
"Knightsbridge Dress",knightsbridge-dress,QAR,2199,219900
"Knightsbridge Dress",knightsbridge-dress,OMR,239,239000
"Knightsbridge Dress",knightsbridge-dress,BHD,229,229000
"Knightsbridge Dress",knightsbridge-dress,KWD,189,189000
"Knightsbridge Dress",knightsbridge-dress,GBP,449,44900
"Knightsbridge Dress",knightsbridge-dress,EUR,549,54900
"Knightsbridge Dress",knightsbridge-dress,USD,649,64900
"Knightsbridge Dress",knightsbridge-dress,CHF,499,49900
"Knightsbridge Dress",knightsbridge-dress,RUB,46900,4690000
"Knightsbridge Dress",knightsbridge-dress,CNY,4298,429800
"Knightsbridge Dress",knightsbridge-dress,CAD,899,89900
"Knightsbridge Dress",knightsbridge-dress,SGD,799,79900
"Knightsbridge Dress",knightsbridge-dress,BND,799,79900
"Knightsbridge Dress",knightsbridge-dress,MYR,2495,249500
"Knightsbridge Dress",knightsbridge-dress,MAD,5690,569000
"Knightsbridge Dress",knightsbridge-dress,NGN,829000,50000000
"Knightsbridge Dress",knightsbridge-dress,IDR,10895000,50000000
"Knightsbridge Dress",knightsbridge-dress,KZT,289000,28900000
"Knightsbridge Dress",knightsbridge-dress,AZN,1029,102900
"Knightsbridge Dress",knightsbridge-dress,UZS,7195000,50000000
"Knightsbridge Dress",knightsbridge-dress,HKD,4798,479800
"Covent Garden Long Dress",covent-garden-long-dress,AED,1699,169900
"Covent Garden Long Dress",covent-garden-long-dress,SAR,1745,174500
"Covent Garden Long Dress",covent-garden-long-dress,QAR,1699,169900
"Covent Garden Long Dress",covent-garden-long-dress,OMR,179,179000
"Covent Garden Long Dress",covent-garden-long-dress,BHD,179,179000
"Covent Garden Long Dress",covent-garden-long-dress,KWD,149,149000
"Covent Garden Long Dress",covent-garden-long-dress,GBP,349,34900
"Covent Garden Long Dress",covent-garden-long-dress,EUR,429,42900
"Covent Garden Long Dress",covent-garden-long-dress,USD,519,51900
"Covent Garden Long Dress",covent-garden-long-dress,CHF,389,38900
"Covent Garden Long Dress",covent-garden-long-dress,RUB,35900,3590000
"Covent Garden Long Dress",covent-garden-long-dress,CNY,3398,339800
"Covent Garden Long Dress",covent-garden-long-dress,CAD,699,69900
"Covent Garden Long Dress",covent-garden-long-dress,SGD,599,59900
"Covent Garden Long Dress",covent-garden-long-dress,BND,599,59900
"Covent Garden Long Dress",covent-garden-long-dress,MYR,1945,194500
"Covent Garden Long Dress",covent-garden-long-dress,MAD,4390,439000
"Covent Garden Long Dress",covent-garden-long-dress,NGN,649000,50000000
"Covent Garden Long Dress",covent-garden-long-dress,IDR,8395000,50000000
"Covent Garden Long Dress",covent-garden-long-dress,KZT,225000,22500000
"Covent Garden Long Dress",covent-garden-long-dress,AZN,799,79900
"Covent Garden Long Dress",covent-garden-long-dress,UZS,5595000,50000000
"Covent Garden Long Dress",covent-garden-long-dress,HKD,3698,369800
"Hampstead Dress",hampstead-dress,AED,1799,179900
"Hampstead Dress",hampstead-dress,SAR,1845,184500
"Hampstead Dress",hampstead-dress,QAR,1799,179900
"Hampstead Dress",hampstead-dress,OMR,189,189000
"Hampstead Dress",hampstead-dress,BHD,189,189000
"Hampstead Dress",hampstead-dress,KWD,149,149000
"Hampstead Dress",hampstead-dress,GBP,369,36900
"Hampstead Dress",hampstead-dress,EUR,449,44900
"Hampstead Dress",hampstead-dress,USD,549,54900
"Hampstead Dress",hampstead-dress,CHF,409,40900
"Hampstead Dress",hampstead-dress,RUB,37900,3790000
"Hampstead Dress",hampstead-dress,CNY,3598,359800
"Hampstead Dress",hampstead-dress,CAD,719,71900
"Hampstead Dress",hampstead-dress,SGD,649,64900
"Hampstead Dress",hampstead-dress,BND,649,64900
"Hampstead Dress",hampstead-dress,MYR,2095,209500
"Hampstead Dress",hampstead-dress,MAD,4690,469000
"Hampstead Dress",hampstead-dress,NGN,689000,50000000
"Hampstead Dress",hampstead-dress,IDR,8895000,50000000
"Hampstead Dress",hampstead-dress,KZT,239000,23900000
"Hampstead Dress",hampstead-dress,AZN,849,84900
"Hampstead Dress",hampstead-dress,UZS,5895000,50000000
"Hampstead Dress",hampstead-dress,HKD,3898,389800
"Covent Garden Signature Set",covent-garden-signature-set,AED,3199,319900
"Covent Garden Signature Set",covent-garden-signature-set,SAR,3295,329500
"Covent Garden Signature Set",covent-garden-signature-set,QAR,3199,319900
"Covent Garden Signature Set",covent-garden-signature-set,OMR,339,339000
"Covent Garden Signature Set",covent-garden-signature-set,BHD,329,329000
"Covent Garden Signature Set",covent-garden-signature-set,KWD,279,279000
"Covent Garden Signature Set",covent-garden-signature-set,GBP,649,64900
"Covent Garden Signature Set",covent-garden-signature-set,EUR,779,77900
"Covent Garden Signature Set",covent-garden-signature-set,USD,919,91900
"Covent Garden Signature Set",covent-garden-signature-set,CHF,719,71900
"Covent Garden Signature Set",covent-garden-signature-set,RUB,67900,6790000
"Covent Garden Signature Set",covent-garden-signature-set,CNY,6198,619800
"Covent Garden Signature Set",covent-garden-signature-set,CAD,1295,129500
"Covent Garden Signature Set",covent-garden-signature-set,SGD,1145,114500
"Covent Garden Signature Set",covent-garden-signature-set,BND,1145,114500
"Covent Garden Signature Set",covent-garden-signature-set,MYR,3695,369500
"Covent Garden Signature Set",covent-garden-signature-set,MAD,8290,829000
"Covent Garden Signature Set",covent-garden-signature-set,NGN,1219000,50000000
"Covent Garden Signature Set",covent-garden-signature-set,IDR,15790000,50000000
"Covent Garden Signature Set",covent-garden-signature-set,KZT,419000,41900000
"Covent Garden Signature Set",covent-garden-signature-set,AZN,1499,149900
"Covent Garden Signature Set",covent-garden-signature-set,UZS,10450000,50000000
"Covent Garden Signature Set",covent-garden-signature-set,HKD,6898,689800
"Soho Set",soho-set,AED,1499,149900
"Soho Set",soho-set,SAR,1545,154500
"Soho Set",soho-set,QAR,1499,149900
"Soho Set",soho-set,OMR,159,159000
"Soho Set",soho-set,BHD,159,159000
"Soho Set",soho-set,KWD,129,129000
"Soho Set",soho-set,GBP,299,29900
"Soho Set",soho-set,EUR,379,37900
"Soho Set",soho-set,USD,449,44900
"Soho Set",soho-set,CHF,349,34900
"Soho Set",soho-set,RUB,31900,3190000
"Soho Set",soho-set,CNY,2998,299800
"Soho Set",soho-set,CAD,599,59900
"Soho Set",soho-set,SGD,529,52900
"Soho Set",soho-set,BND,529,52900
"Soho Set",soho-set,MYR,1695,169500
"Soho Set",soho-set,MAD,3890,389000
"Soho Set",soho-set,NGN,569000,50000000
"Soho Set",soho-set,IDR,7395000,50000000
"Soho Set",soho-set,KZT,199000,19900000
"Soho Set",soho-set,AZN,709,70900
"Soho Set",soho-set,UZS,4895000,50000000
"Soho Set",soho-set,HKD,3298,329800
